{"cameraMode":{"drawMode":0,"name":"Shaded","section":"Shading Mode"},"sceneLighting":true,"audioPlay":false,"sceneViewState":{"m_AlwaysRefresh":false,"showFog":true,"showSkybox":true,"showFlares":true,"showImageEffects":true,"showParticleSystems":true,"showVisualEffectGraphs":true,"m_FxEnabled":true},"in2DMode":false,"pivot":{"x":5.705989360809326,"y":6.7753095626831059,"z":-22.82625389099121},"rotation":{"x":0.1015017032623291,"y":-0.07900353521108628,"z":0.008086432702839375,"w":0.9916606545448303},"size":6.9232683181762699,"orthographic":true}