{"cameraMode":{"drawMode":0,"name":"Shaded","section":"Shading Mode"},"sceneLighting":true,"audioPlay":false,"sceneViewState":{"m_AlwaysRefresh":false,"showFog":true,"showSkybox":true,"showFlares":true,"showImageEffects":true,"showParticleSystems":true,"showVisualEffectGraphs":true,"m_FxEnabled":true},"in2DMode":false,"pivot":{"x":0.7957627773284912,"y":-10.511542320251465,"z":10.409337997436524},"rotation":{"x":0.4093908965587616,"y":0.06696205586194992,"z":-0.030144648626446725,"w":0.9094019532203674},"size":11.60129451751709,"orthographic":false}